{"name":"renderer","content":{"./node_modules/@emotion/css/dist/emotion-css.esm.js":{"id":"./node_modules/@emotion/css/dist/emotion-css.esm.js","buildMeta":{"exportsType":"namespace"},"exports":["cache","css","cx","flush","getRegisteredStyles","hydrate","injectGlobal","keyframes","merge","sheet"]},"./node_modules/@emotion/react/dist/emotion-react.browser.esm.js":{"id":"./node_modules/@emotion/react/dist/emotion-react.browser.esm.js","buildMeta":{"exportsType":"namespace"},"exports":["CacheProvider","ClassNames","Global","ThemeContext","ThemeProvider","__unsafe_useEmotionCache","createElement","css","jsx","keyframes","useTheme","withEmotionCache","withTheme"]},"./node_modules/@emotion/styled/dist/emotion-styled.browser.esm.js":{"id":"./node_modules/@emotion/styled/dist/emotion-styled.browser.esm.js","buildMeta":{"exportsType":"namespace"},"exports":["default"]},"./node_modules/classnames/index.js":{"id":"./node_modules/classnames/index.js","buildMeta":{}},"./node_modules/electron-debug/index.js":{"id":"./node_modules/electron-debug/index.js","buildMeta":{}},"./node_modules/electron-log/src/index.js":{"id":"./node_modules/electron-log/src/index.js","buildMeta":{}},"./node_modules/electron-updater/out/main.js":{"id":"./node_modules/electron-updater/out/main.js","buildMeta":{"exportsType":"flagged","defaultObject":"redirect"},"exports":["AppImageUpdater","AppUpdater","CancellationToken","DOWNLOAD_PROGRESS","MacUpdater","NoOpLogger","NsisUpdater","Provider","UPDATE_DOWNLOADED","UpdaterSignal","__esModule","autoUpdater"]},"./node_modules/react-dom/index.js":{"id":"./node_modules/react-dom/index.js","buildMeta":{"exportsType":"dynamic","defaultObject":"redirect"},"exports":["__SECRET_INTERNALS_DO_NOT_USE_OR_YOU_WILL_BE_FIRED","createPortal","createRoot","findDOMNode","flushSync","hydrate","hydrateRoot","render","unmountComponentAtNode","unstable_batchedUpdates","unstable_renderSubtreeIntoContainer","version"]},"./node_modules/react-feather/dist/index.js":{"id":"./node_modules/react-feather/dist/index.js","buildMeta":{"exportsType":"namespace"},"exports":["Activity","Airplay","AlertCircle","AlertOctagon","AlertTriangle","AlignCenter","AlignJustify","AlignLeft","AlignRight","Anchor","Aperture","Archive","ArrowDown","ArrowDownCircle","ArrowDownLeft","ArrowDownRight","ArrowLeft","ArrowLeftCircle","ArrowRight","ArrowRightCircle","ArrowUp","ArrowUpCircle","ArrowUpLeft","ArrowUpRight","AtSign","Award","BarChart","BarChart2","Battery","BatteryCharging","Bell","BellOff","Bluetooth","Bold","Book","BookOpen","Bookmark","Box","Briefcase","Calendar","Camera","CameraOff","Cast","Check","CheckCircle","CheckSquare","ChevronDown","ChevronLeft","ChevronRight","ChevronUp","ChevronsDown","ChevronsLeft","ChevronsRight","ChevronsUp","Chrome","Circle","Clipboard","Clock","Cloud","CloudDrizzle","CloudLightning","CloudOff","CloudRain","CloudSnow","Code","Codepen","Codesandbox","Coffee","Columns","Command","Compass","Copy","CornerDownLeft","CornerDownRight","CornerLeftDown","CornerLeftUp","CornerRightDown","CornerRightUp","CornerUpLeft","CornerUpRight","Cpu","CreditCard","Crop","Crosshair","Database","Delete","Disc","Divide","DivideCircle","DivideSquare","DollarSign","Download","DownloadCloud","Dribbble","Droplet","Edit","Edit2","Edit3","ExternalLink","Eye","EyeOff","Facebook","FastForward","Feather","Figma","File","FileMinus","FilePlus","FileText","Film","Filter","Flag","Folder","FolderMinus","FolderPlus","Framer","Frown","Gift","GitBranch","GitCommit","GitHub","GitMerge","GitPullRequest","Gitlab","Globe","Grid","HardDrive","Hash","Headphones","Heart","HelpCircle","Hexagon","Home","Image","Inbox","Info","Instagram","Italic","Key","Layers","Layout","LifeBuoy","Link","Link2","Linkedin","List","Loader","Lock","LogIn","LogOut","Mail","Map","MapPin","Maximize","Maximize2","Meh","Menu","MessageCircle","MessageSquare","Mic","MicOff","Minimize","Minimize2","Minus","MinusCircle","MinusSquare","Monitor","Moon","MoreHorizontal","MoreVertical","MousePointer","Move","Music","Navigation","Navigation2","Octagon","Package","Paperclip","Pause","PauseCircle","PenTool","Percent","Phone","PhoneCall","PhoneForwarded","PhoneIncoming","PhoneMissed","PhoneOff","PhoneOutgoing","PieChart","Play","PlayCircle","Plus","PlusCircle","PlusSquare","Pocket","Power","Printer","Radio","RefreshCcw","RefreshCw","Repeat","Rewind","RotateCcw","RotateCw","Rss","Save","Scissors","Search","Send","Server","Settings","Share","Share2","Shield","ShieldOff","ShoppingBag","ShoppingCart","Shuffle","Sidebar","SkipBack","SkipForward","Slack","Slash","Sliders","Smartphone","Smile","Speaker","Square","Star","StopCircle","Sun","Sunrise","Sunset","Table","Tablet","Tag","Target","Terminal","Thermometer","ThumbsDown","ThumbsUp","ToggleLeft","ToggleRight","Tool","Trash","Trash2","Trello","TrendingDown","TrendingUp","Triangle","Truck","Tv","Twitch","Twitter","Type","Umbrella","Underline","Unlock","Upload","UploadCloud","User","UserCheck","UserMinus","UserPlus","UserX","Users","Video","VideoOff","Voicemail","Volume","Volume1","Volume2","VolumeX","Watch","Wifi","WifiOff","Wind","X","XCircle","XOctagon","XSquare","Youtube","Zap","ZapOff","ZoomIn","ZoomOut"]},"./node_modules/react-popper/lib/esm/index.js":{"id":"./node_modules/react-popper/lib/esm/index.js","buildMeta":{"exportsType":"namespace"},"exports":["Manager","Popper","Reference","usePopper"]},"./node_modules/react-query/es/index.js":{"id":"./node_modules/react-query/es/index.js","buildMeta":{"exportsType":"namespace"}},"./node_modules/react-redux/es/index.js":{"id":"./node_modules/react-redux/es/index.js","buildMeta":{"exportsType":"namespace"},"exports":["Provider","ReactReduxContext","batch","connect","createDispatchHook","createSelectorHook","createStoreHook","shallowEqual","useDispatch","useSelector","useStore"]},"./node_modules/react-router-dom/dist/index.js":{"id":"./node_modules/react-router-dom/dist/index.js","buildMeta":{"exportsType":"namespace"},"exports":["AbortedDeferredError","Await","BrowserRouter","Form","HashRouter","Link","MemoryRouter","NavLink","Navigate","NavigationType","Outlet","Route","Router","RouterProvider","Routes","ScrollRestoration","UNSAFE_DataRouterContext","UNSAFE_DataRouterStateContext","UNSAFE_LocationContext","UNSAFE_NavigationContext","UNSAFE_RouteContext","UNSAFE_enhanceManualRouteObjects","UNSAFE_useScrollRestoration","createBrowserRouter","createHashRouter","createMemoryRouter","createPath","createRoutesFromChildren","createRoutesFromElements","createSearchParams","defer","generatePath","isRouteErrorResponse","json","matchPath","matchRoutes","parsePath","redirect","renderMatches","resolvePath","unstable_HistoryRouter","unstable_useBlocker","unstable_usePrompt","useActionData","useAsyncError","useAsyncValue","useBeforeUnload","useFetcher","useFetchers","useFormAction","useHref","useInRouterContext","useLinkClickHandler","useLoaderData","useLocation","useMatch","useMatches","useNavigate","useNavigation","useNavigationType","useOutlet","useOutletContext","useParams","useResolvedPath","useRevalidator","useRouteError","useRouteLoaderData","useRoutes","useSearchParams","useSubmit"]},"./node_modules/react-xml-parser/dist/bundle.js":{"id":"./node_modules/react-xml-parser/dist/bundle.js","buildMeta":{}},"./node_modules/react/index.js":{"id":"./node_modules/react/index.js","buildMeta":{"exportsType":"dynamic","defaultObject":"redirect"}},"./node_modules/redux-thunk/es/index.js":{"id":"./node_modules/redux-thunk/es/index.js","buildMeta":{"exportsType":"namespace"},"exports":["default"]},"./node_modules/redux/es/redux.js":{"id":"./node_modules/redux/es/redux.js","buildMeta":{"exportsType":"namespace"},"exports":["__DO_NOT_USE__ActionTypes","applyMiddleware","bindActionCreators","combineReducers","compose","createStore","legacy_createStore"]},"path":{"id":"path","buildMeta":{"async":false,"exportsType":"dynamic"}}}}